,county_name,state_code,MAPE
0,Ada County,ID,8.483448155396275
1,Adair County,IA,80.22289950932253
2,Adams County,CO,89.73440920994729
3,Adams County,OH,97.93449636372979
4,Adams County,PA,151.05615084629838
5,Adams County,WA,177.02406815024858
6,Adams County,WI,212.5803260816215
7,Addison County,VT,144.4959874176642
8,Aiken County,SC,155.9345630810284
9,Aitkin County,MN,312.7217375453695
10,Alachua County,FL,60.535125419196085
11,Alamance County,NC,240.26198273611467
12,Alameda County,CA,59.09550992154084
13,Alamosa County,CO,274.5988790642359
14,Albany County,NY,147.97786669302283
15,Alexander County,NC,374.85333178605674
16,Alfalfa County,OK,
17,Allegan County,MI,241.206382654205
18,Allegany County,MD,470.91755138003936
19,Allegany County,NY,789.073647476319
20,Alleghany County,NC,271.407091915897
21,Allegheny County,PA,187.5351428350444
22,Alpine County,CA,79.38043176503935
23,Amador County,CA,95.79036102987224
24,Amelia County,VA,133.35695689623097
25,Anderson County,KY,305.3268945819432
26,Anderson County,SC,260.75986896385945
27,Anderson County,TN,331.6482161783452
28,Anderson County,TX,162.84038797477245
29,Andrew County,MO,315.2915099082992
30,Androscoggin County,ME,181.5415259625453
31,Anne Arundel County,MD,96.20377590844308
32,Anoka County,MN,129.49375347759798
33,Appling County,GA,585.1927094043173
34,Aransas County,TX,173.1157651937213
35,Arapahoe County,CO,4.811864090527519
36,Arkansas County,AR,377.9992300346504
37,Arlington County,VA,5.466468013034866
38,Armstrong County,PA,170.6241940500452
39,Aroostook County,ME,446.25641281123256
40,Ascension Parish,LA,198.1482118707215
41,Ashe County,NC,507.4420722356245
42,Ashland County,OH,287.979566280097
43,Ashland County,WI,569.2312208200083
44,Ashley County,AR,
45,Ashtabula County,OH,330.78751877534404
46,Asotin County,WA,187.4947896716775
47,Atascosa County,TX,340.88109776175753
48,Atlantic County,NJ,245.31630357526296
49,Austin County,TX,134.73958976224955
50,Avery County,NC,106.12136512580177
51,Bacon County,GA,882.8322319697479
52,Baker County,FL,246.91306657486413
53,Baker County,OR,272.1716550771562
54,Baltimore County,MD,177.65175818968422
55,Bamberg County,SC,544.9435873276192
56,Bandera County,TX,142.36834918925024
57,Banks County,GA,225.75178350736707
58,Barnstable County,MA,76.42345545127262
59,Barnwell County,SC,385.84423454745576
60,Barron County,WI,348.37496790606684
61,Barrow County,GA,221.73859724368037
62,Barry County,MI,275.5747392605066
63,Bartholomew County,IN,267.6492984147215
64,Bartow County,GA,327.11232203790536
65,Bastrop County,TX,167.8495423386728
66,Bates County,MO,228.26017578822922
67,Baxter County,AR,184.19983891068782
68,Bayfield County,WI,263.9916717509568
69,Bear Lake County,ID,445.99830812982543
70,Beaufort County,SC,85.25882630578415
71,Beaver County,OK,
72,Beaver County,PA,245.6413875038919
73,Becker County,MN,183.48992668211721
74,Beckham County,OK,406.90945665449124
75,Bedford County,TN,310.90766617924726
76,Bee County,TX,250.85125271325822
77,Belknap County,NH,149.09567194168412
78,Bell County,KY,99.84066933024015
79,Bell County,TX,134.30210733147817
80,Belmont County,OH,495.2168293696436
81,Beltrami County,MN,181.14599072159425
82,Ben Hill County,GA,431.7105053250553
83,Benewah County,ID,234.98398295723382
84,Bennington County,VT,192.28511098335107
85,Benton County,AR,11.640120588886669
86,Benton County,MN,232.83887787382304
87,Benton County,OR,4.216923302067886
88,Benton County,TN,329.84456551535607
89,Bergen County,NJ,18.252874157019363
90,Berkeley County,SC,47.42846980864379
91,Berkeley County,WV,233.18856692831875
92,Berks County,PA,196.3566264147979
93,Bernalillo County,NM,207.13475756660324
94,Berrien County,GA,78.98958236221546
95,Berrien County,MI,284.0642528566814
96,Bexar County,TX,55.26636390011984
97,Bibb County,AL,287.30200418464824
98,Bienville Parish,LA,210.13672435269547
99,Big Stone County,MN,79.0432261015856
100,Blanco County,TX,89.90932724268234
101,Bleckley County,GA,346.8299184711305
102,Bledsoe County,TN,54.84583582475705
103,Blount County,AL,395.4771067178491
104,Blount County,TN,189.36361623016342
105,Blue Earth County,MN,270.3473449417248
106,Boise County,ID,31.08020375850985
107,Bond County,IL,576.3810295410638
108,Bonner County,ID,65.51379431442913
109,Boone County,AR,445.1331682929538
110,Boone County,IA,449.64375646186176
111,Boone County,IL,337.5507218580851
112,Boone County,IN,24.938615103532012
113,Boone County,KY,216.21336385446568
114,Bosque County,TX,230.47654242617844
115,Bossier Parish,LA,341.35445537022133
116,Boulder County,CO,20.38074311623023
117,Boundary County,ID,37.46323932873587
118,Bourbon County,KS,721.4971195485026
119,Bourbon County,KY,275.4757659774815
120,Bowie County,TX,577.2818030445834
121,Box Elder County,UT,92.80956666160722
122,Boyle County,KY,329.0329011500445
123,Bradford County,FL,211.663877471996
124,Branch County,MI,300.7018836668084
125,Brantley County,GA,250.98015550336643
126,Brazoria County,TX,45.09385179353137
127,Brazos County,TX,53.83179242610491
128,Brevard County,FL,161.27394637915972
129,Bristol County,MA,112.70120548495046
130,Bristol County,RI,72.64864146276716
131,Bronx County,NY,27.916137638676357
132,Brooks County,GA,1531.8512659028706
133,Broomfield County,CO,
134,Broward County,FL,145.51585671386124
135,Brown County,IN,205.42049894914697
136,Brown County,MN,528.5499448039977
137,Brown County,OH,253.69532770385052
138,Brown County,TX,416.3323312497569
139,Brown County,WI,207.66517128949485
140,Bryan County,GA,68.41913097536595
141,Bryan County,OK,280.7198586278575
142,Buchanan County,MO,537.727985719042
143,Bucks County,PA,139.85575407094615
144,Buffalo County,WI,154.52339844998428
145,Bullitt County,KY,330.15039503268395
146,Bulloch County,GA,93.19909214188394
147,Buncombe County,NC,97.43854873063594
148,Bureau County,IL,489.9417821343945
149,Burke County,NC,126.31096016740536
150,Burleson County,TX,278.93600404812133
151,Burlington County,NJ,210.67132890975472
152,Burnet County,TX,78.00046496227554
153,Burnett County,WI,132.9501558500532
154,Burt County,NE,52.012205986810834
155,Butler County,MO,599.5955157921048
156,Butler County,NE,402.40500081201134
157,Butler County,OH,223.4512274433292
158,Butler County,PA,104.37835323263283
159,Butte County,CA,54.18532676445956
160,Butts County,GA,192.0822646344748
161,Cabarrus County,NC,37.53823392551505
162,Cache County,UT,31.66864581416168
163,Calaveras County,CA,94.12717300873304
164,Caldwell County,MO,280.12920847900665
165,Caldwell County,TX,258.9589578689882
166,Caledonia County,VT,344.0721039971801
167,Calhoun County,AL,492.8364429017722
168,Calhoun County,GA,
169,Calhoun County,MI,475.8401869684415
170,Calhoun County,SC,156.24052820153557
171,Calhoun County,TX,330.7596353493594
172,Callahan County,TX,434.57686176731374
173,Calumet County,WI,228.020331884422
174,Calvert County,MD,95.08385961070464
175,Camas County,ID,304.7030177603562
176,Camden County,GA,370.87960255059807
177,Camden County,NJ,265.38053274137746
178,Camp County,TX,53.521045455106936
179,Campbell County,KY,281.6702949937442
180,Campbell County,TN,113.39460984780004
181,Canadian County,OK,89.78443805680834
182,Candler County,GA,365.61328776108905
183,Cannon County,TN,96.21699256396599
184,Canyon County,ID,31.822096782258203
185,Cape Girardeau County,MO,275.69850049099864
186,Cape May County,NJ,22.40906394148474
187,Carbon County,UT,395.9589049243753
188,Caribou County,ID,73.0340581403575
189,Carlton County,MN,272.02532279412435
190,Caroline County,MD,250.5842520867024
191,Caroline County,VA,254.6714805531091
192,Carroll County,AR,
193,Carroll County,GA,370.32183332827185
194,Carroll County,MD,88.55356765743568
195,Carroll County,NH,171.37071591916396
196,Carroll County,OH,228.01140106303507
197,Carroll County,TN,10.43441528454556
198,Carter County,MO,39.838740091082244
199,Carter County,OK,478.6401578905525
200,Carter County,TN,80.6220650033503
201,Carver County,MN,9.074455948072027
202,Cass County,IA,425.54781028329256
203,Cass County,MI,354.6619210867663
204,Cass County,MN,207.82875543098427
205,Cass County,MO,202.55867159879617
206,Cass County,NE,229.18837709759265
207,Cass County,TX,168.73755803274773
208,Cassia County,ID,219.7451487029217
209,Catoosa County,GA,244.87391918155927
210,Cattaraugus County,NY,339.24019972246043
211,Cayuga County,NY,476.43345074850396
212,Cecil County,MD,213.91804117763496
213,Chaffee County,CO,35.18225941508402
214,Chambers County,TX,101.1858248309934
215,Champaign County,IL,135.69757304830347
216,Charles City County,VA,205.4704203805432
217,Charles County,MD,94.6594958949426
218,Charleston County,SC,6.964497095294534
219,Charlotte County,FL,149.75513351998234
220,Charlton County,GA,249.15021302958598
221,Chatham County,GA,52.28574304239707
222,Chatham County,NC,16.04790152960495
223,Chattahoochee County,GA,
224,Chattooga County,GA,230.81025739436828
225,Chautauqua County,NY,422.54479505978094
226,Cheatham County,TN,206.85737819008608
227,Chelan County,WA,71.64814337467219
228,Cherokee County,AL,189.10908118722907
229,Cherokee County,GA,16.687748645685733
230,Cherokee County,NC,324.5357533189444
231,Cherokee County,OK,317.4812431855618
232,Cherokee County,SC,411.2879613060666
233,Cherokee County,TX,152.80492888947694
234,Cheshire County,NH,240.25654642918064
235,Chester County,PA,95.15479369864661
236,Chester County,SC,206.19842713722164
237,Chester County,TN,627.2746578842591
238,Chesterfield County,SC,547.9406698070901
239,Chesterfield County,VA,150.83021474166262
240,Chicot County,AR,99.30742426783577
241,Chilton County,AL,429.81801132811285
242,Chippewa County,MN,563.689959042025
243,Chippewa County,WI,298.43982807734494
244,Chisago County,MN,150.53950831732274
245,Chittenden County,VT,12.867100377833754
246,Churchill County,NV,155.58903694287122
247,Cibola County,NM,304.5254636983839
248,Citrus County,FL,99.16250035211976
249,Clackamas County,OR,52.23658091211919
250,Claiborne County,TN,160.88605940645752
251,Claiborne Parish,LA,99.99702014665016
252,Clallam County,WA,73.34023801101993
253,Clarendon County,SC,100.23055717113931
254,Clark County,AR,
255,Clark County,IN,275.03852964347647
256,Clark County,KY,358.87128430941726
257,Clark County,NV,31.63414007022941
258,Clark County,WA,9.962099021681379
259,Clark County,WI,559.0536007188767
260,Clarke County,GA,69.45362772467891
261,Clarke County,IA,512.5308825817873
262,Clarke County,VA,75.50414758839314
263,Clatsop County,OR,51.554754992885655
264,Clay County,AR,
265,Clay County,FL,203.76492225312964
266,Clay County,GA,99.68022056381812
267,Clay County,MN,134.78108075196468
268,Clay County,MO,185.49357700839275
269,Clay County,NC,81.72826774949955
270,Clay County,TN,99.822197802246
271,Clay County,TX,310.55277421019144
272,Clayton County,GA,324.80219734169026
273,Clear Creek County,CO,39.8689037090442
274,Clearwater County,ID,69.32723683822583
275,Cleburne County,AL,165.69585616392143
276,Cleburne County,AR,56.42585899238018
277,Clermont County,OH,228.07103448562378
278,Cleveland County,NC,402.5774806771332
279,Cleveland County,OK,90.77060480277562
280,Clinch County,GA,482.0312228836521
281,Clinton County,IL,397.85015538981463
282,Clinton County,MI,186.19637351236543
283,Clinton County,MO,325.51395563682894
284,Clinton County,OH,411.32539805824166
285,Cobb County,GA,26.0276170911166
286,Cochise County,AZ,197.43921812356265
287,Coconino County,AZ,17.38630832535406
288,Coffee County,GA,
289,Coffee County,TN,285.03972838165976
290,Coke County,TX,303.28621506276346
291,Colleton County,SC,162.35607653137785
292,Collier County,FL,87.46211227193484
293,Collin County,TX,27.12404492070288
294,Colorado County,TX,206.41535142766634
295,Colquitt County,GA,564.1217064744371
296,Columbia County,AR,820.5777513989472
297,Columbia County,GA,37.94122441603472
298,Columbia County,OR,108.0095119353217
299,Columbia County,WI,270.67620608533576
300,Columbiana County,OH,385.288720693342
301,Colusa County,CA,98.09957873027622
302,Comal County,TX,16.995689305061894
303,Comanche County,TX,511.0454678649327
304,Conejos County,CO,85.81607035140735
305,Contra Costa County,CA,47.74641685574361
306,Conway County,AR,
307,Cook County,GA,
308,Cook County,IL,169.23896867702663
309,Cook County,MN,103.01698346012192
310,Cooke County,TX,186.56680577714485
311,Coos County,NH,289.07567288973803
312,Coos County,OR,198.94479526890436
313,Coryell County,TX,107.72890650348552
314,Coshocton County,OH,318.3129567361967
315,Costilla County,CO,480.2748336279982
316,Cottonwood County,MN,713.0462822654395
317,Coweta County,GA,156.91970089379186
318,Cowlitz County,WA,124.67015375517674
319,Craig County,OK,294.4657407160163
320,Craighead County,AR,550.7907234391735
321,Crawford County,AR,525.8242596282494
322,Crawford County,IN,83.56217236628999
323,Crawford County,MO,535.5576543314788
324,Crawford County,WI,248.04143774569013
325,Creek County,OK,248.03454889179477
326,Crockett County,TN,
327,Crook County,OR,97.82657431740812
328,Cross County,AR,110.34834501784077
329,Crow Wing County,MN,193.44509765586963
330,Cullman County,AL,386.1004167187026
331,Culpeper County,VA,120.44077581937219
332,Cumberland County,ME,55.36179741410484
333,Cumberland County,NJ,478.40784778292084
334,Cumberland County,PA,213.94094145528362
335,Cumberland County,TN,234.63279766286837
336,Cumberland County,VA,299.8755859790341
337,Cuming County,NE,235.08196394719576
338,Curry County,OR,110.89517103779164
339,Custer County,OK,367.8517366473467
340,Cuyahoga County,OH,425.7455288474726
341,Dade County,GA,356.8358923920388
342,Daggett County,UT,73.48131404983498
343,Dakota County,MN,133.17466071019103
344,Dallas County,AR,
345,Dallas County,IA,38.93342465651473
346,Dallas County,TX,207.57745058681263
347,Dane County,WI,24.4654222339555
348,Dauphin County,PA,352.60598525734724
349,Davidson County,NC,292.36086863507353
350,Davidson County,TN,12.659784738459248
351,Davie County,NC,206.43196222712578
352,Davis County,UT,9.17606408892803
353,Dawson County,GA,91.03862062837179
354,De Soto Parish,LA,173.23231537548824
355,De Witt County,IL,390.62237750776535
356,DeKalb County,AL,344.31076676297874
357,DeKalb County,GA,155.52099654752232
358,DeKalb County,IL,129.5031384379306
359,DeKalb County,MO,256.3509090535647
360,DeKalb County,TN,187.34390601142428
361,DeSoto County,FL,213.17318312121873
362,DeSoto County,MS,201.59388724202188
363,DeWitt County,TX,191.27488382851112
364,Dearborn County,IN,248.31595387584875
365,Decatur County,GA,454.91707881137535
366,Decatur County,IN,257.42770968975185
367,Decatur County,TN,98.11023210081535
368,Delaware County,OH,8.099381054440528
369,Delaware County,OK,200.96400298485676
370,Delaware County,PA,231.05629913650162
371,Delta County,TX,321.3444472565939
372,Dent County,MO,250.75663005147786
373,Denton County,TX,17.92733461690927
374,Denver County,CO,22.749668810052246
375,Deschutes County,OR,22.186131552560173
376,Dewey County,OK,1030.7040367535326
377,Dickson County,TN,166.79886503220965
378,Dillon County,SC,538.068956779029
379,Dinwiddie County,VA,321.426732907796
380,District of Columbia,DC,40.29432656131912
381,Dodge County,GA,187.44248264030657
382,Dodge County,MN,237.9396652842088
383,Dodge County,NE,380.4259889498357
384,Dodge County,WI,203.59468441760814
385,Dooly County,GA,511.25438939375886
386,Door County,WI,93.56580950748466
387,Dorchester County,MD,226.10147633700444
388,Dorchester County,SC,173.794818499829
389,Douglas County,CO,13.394911714447291
390,Douglas County,GA,232.48121498147628
391,Douglas County,IL,475.08401427482175
392,Douglas County,MN,190.41939616241243
393,Douglas County,NE,67.86576739448
394,Douglas County,NV,35.059608405972014
395,Douglas County,OR,211.218484031609
396,Douglas County,WA,76.99483517727519
397,Douglas County,WI,407.0472278540464
398,Drew County,AR,830.6451403177915
399,DuPage County,IL,100.90873742724337
400,Duchesne County,UT,378.4936084437849
401,Dukes County,MA,54.68199786591101
402,Dunn County,WI,249.989119460584
403,Durham County,NC,27.443057431098087
404,Dutchess County,NY,122.6226543167198
405,Duval County,FL,227.67274111712925
406,Duval County,TX,
407,Dyer County,TN,744.8678968433849
408,Eagle County,CO,123.1940640617161
409,Early County,GA,840.1001306383371
410,East Baton Rouge Parish,LA,234.51182501546154
411,East Feliciana Parish,LA,103.19252507650447
412,Eaton County,MI,303.3283136451229
413,Eau Claire County,WI,156.97855025191396
414,Edgefield County,SC,376.28053424369347
415,Edwards County,TX,601.5279853255214
416,Effingham County,GA,218.35315824810894
417,El Dorado County,CA,7.134337630412221
418,El Paso County,CO,6.0322658743534285
419,El Paso County,TX,384.0714282694384
420,Elbert County,CO,27.10838031983711
421,Ellis County,OK,589.6705175637525
422,Ellis County,TX,26.41019509043213
423,Elmore County,ID,189.77230855367034
424,Emanuel County,GA,382.02294878795243
425,Emery County,UT,394.9709051804214
426,Erath County,TX,219.9134677694218
427,Erie County,NY,324.60314159814106
428,Erie County,OH,197.90110694065194
429,Escambia County,FL,228.93999008939548
430,Essex County,MA,16.329469922131768
431,Essex County,NJ,73.40608239554558
432,Essex County,VA,317.39594225771555
433,Essex County,VT,62.35600739138112
434,Estill County,KY,99.83030005477843
435,Etowah County,AL,418.48498401765397
436,Eureka County,NV,108.99260894708819
437,Evans County,GA,681.3041230016369
438,Fairfax County,VA,19.205328786183873
439,Fairfield County,CT,60.73488931964043
440,Fairfield County,OH,191.80100249504278
441,Fairfield County,SC,293.8926899117256
442,Falls County,TX,162.34849388851177
443,Fannin County,GA,123.63402780702665
444,Fannin County,TX,267.9687880312478
445,Faulkner County,AR,299.08080000257195
446,Fauquier County,VA,23.141967207979864
447,Fayette County,GA,63.29793645926064
448,Fayette County,IL,276.9048110898193
449,Fayette County,KY,60.68624832480426
450,Fayette County,OH,275.0406077315758
451,Fayette County,PA,163.03376180002803
452,Fayette County,TN,199.56628764719264
453,Fayette County,TX,95.75956270094926
454,Fentress County,TN,131.0622325327126
455,Ferry County,WA,199.70627851778784
456,Fillmore County,MN,402.8745895624738
457,Fillmore County,NE,359.0929266848863
458,Flagler County,FL,125.62456620658897
459,Floyd County,GA,342.7409679607808
460,Floyd County,IN,272.3696947911476
461,Fond du Lac County,WI,383.47455158856076
462,Ford County,IL,399.76638578320694
463,Forsyth County,GA,20.631913960423475
464,Forsyth County,NC,255.0668411965536
465,Fort Bend County,TX,54.502321652547124
466,Franklin County,AR,
467,Franklin County,GA,223.14319503594245
468,Franklin County,ID,141.42024847373648
469,Franklin County,IN,295.45208626212815
470,Franklin County,KS,446.1426598986065
471,Franklin County,KY,330.9760941191254
472,Franklin County,MA,177.89486102263194
473,Franklin County,ME,325.4846440896457
474,Franklin County,MO,300.4851211476565
475,Franklin County,NC,181.1324267282682
476,Franklin County,OH,225.15418446050444
477,Franklin County,PA,186.64719522463201
478,Franklin County,TN,135.11456577424875
479,Franklin County,TX,100.54603783261176
480,Franklin County,VT,223.0418488786813
481,Frederick County,MD,106.37117553137585
482,Frederick County,VA,146.30395871471683
483,Freeborn County,MN,531.0443792465038
484,Freestone County,TX,145.97435942377086
485,Fresno County,CA,18.860230648301613
486,Frio County,TX,220.28895353585025
487,Fulton County,AR,249.7350479722283
488,Fulton County,GA,14.150846471086243
489,Fulton County,NY,532.5723368591937
490,Fulton County,PA,154.10206429086122
491,Gadsden County,FL,344.0332815017231
492,Gage County,NE,466.90031011671
493,Gallatin County,KY,239.5115329984414
494,Gallia County,OH,604.8619996750064
495,Galveston County,TX,38.84799448434271
496,Garfield County,UT,116.08673854269782
497,Garland County,AR,278.49677187541147
498,Garrard County,KY,434.17248008327715
499,Garrett County,MD,68.15337832405135
500,Gasconade County,MO,240.02609162510154
501,Gaston County,NC,236.4501041925086
502,Geauga County,OH,98.79467140708624
503,Gem County,ID,113.02009957726024
504,Genesee County,MI,405.9333878006029
505,Genesee County,NY,496.0494952427186
506,Georgetown County,SC,113.88200163881312
507,Gibson County,TN,424.1652246763551
508,Gila County,AZ,113.80427802144169
509,Giles County,TN,251.34387401695264
510,Gillespie County,TX,36.478373096148616
511,Gilliam County,OR,91.42345897983944
512,Gilmer County,GA,113.003232806774
513,Gilpin County,CO,32.7075850266331
514,Gladwin County,MI,127.62826034548958
515,Glenn County,CA,94.05286717043963
516,Gloucester County,NJ,267.84510573406743
517,Gloucester County,VA,163.71265733211624
518,Glynn County,GA,81.4085221867683
519,Gonzales County,TX,346.8901729027002
520,Goochland County,VA,28.797355235756946
521,Goodhue County,MN,253.93306849392982
522,Gooding County,ID,223.41935326251922
523,Gordon County,GA,423.64303487261924
524,Grady County,GA,175.91588288234544
525,Grady County,OK,329.1576483096247
526,Grafton County,NH,165.51481999449186
527,Graham County,NC,213.94468538776982
528,Grainger County,TN,89.78722308375727
529,Grand County,UT,20.623421921959014
530,Grand Isle County,VT,125.49509090880714
531,Grant County,AR,417.4028184443445
532,Grant County,KY,373.8108719058407
533,Grant County,MN,114.08190049704072
534,Grant County,OK,
535,Grant County,OR,66.99193576778858
536,Grant County,WA,190.32479131697048
537,Grant County,WI,456.33240039825176
538,Grant County,WV,159.61974097553
539,Granville County,NC,189.25482129940158
540,Gratiot County,MI,362.07092374608686
541,Grays Harbor County,WA,209.44618952529265
542,Grayson County,TX,214.5851464346157
543,Green County,WI,293.611448792593
544,Green Lake County,WI,174.7163213185679
545,Greene County,AR,450.0430485267642
546,Greene County,GA,50.64455433010498
547,Greene County,OH,166.84288166258625
548,Greene County,PA,224.569571685912
549,Greene County,TN,292.2908483138457
550,Greenville County,SC,47.00139055347397
551,Greenwood County,SC,359.62421670634546
552,Greer County,OK,280.87905768160743
553,Gregg County,TX,249.50846413226964
554,Grimes County,TX,37.4323370951817
555,Grundy County,IL,228.30091403553683
556,Grundy County,TN,99.77149205823832
557,Guadalupe County,NM,212.87329166516673
558,Guadalupe County,TX,63.44481521571
559,Guernsey County,OH,369.1521590744561
560,Guilford County,NC,75.43044790626207
561,Guthrie County,IA,205.7867852506167
562,Gwinnett County,GA,38.36993582174599
563,Habersham County,GA,218.56644158776226
564,Hall County,GA,171.3366489154614
565,Hamblen County,TN,342.1370684478161
566,Hamilton County,IN,46.25190276285054
567,Hamilton County,OH,194.14750838007296
568,Hamilton County,TN,189.15068070337352
569,Hamilton County,TX,166.92427872967127
570,Hampden County,MA,192.12079634992097
571,Hampshire County,MA,29.046905740014857
572,Hampshire County,WV,153.74335970328806
573,Hancock County,GA,99.96621848385823
574,Hancock County,IN,214.29610788347827
575,Hancock County,ME,192.9104243854807
576,Hanover County,VA,128.6817822362893
577,Haralson County,GA,157.47475116052615
578,Hardee County,FL,99.87943871267474
579,Hardin County,TN,142.0491590931232
580,Hardin County,TX,260.6214849089772
581,Hardy County,WV,80.30102085820171
582,Harford County,MD,158.26789434693075
583,Harmon County,OK,
584,Harnett County,NC,162.01885910471876
585,Harper County,OK,948.8173374483371
586,Harris County,GA,130.03333099753718
587,Harris County,TX,48.881939538044094
588,Harrison County,IN,340.22404814626367
589,Harrison County,KY,458.07946096688397
590,Harrison County,OH,345.9328518579978
591,Harrison County,TX,233.61393970635118
592,Hartford County,CT,189.5344285934684
593,Haskell County,OK,419.73897967521526
594,Hawaii County,HI,63.6600694300206
595,Hawkins County,TN,118.00416987826236
596,Hays County,TX,27.95594420004862
597,Haywood County,NC,170.99745989621627
598,Heard County,GA,99.33591662699229
599,Hempstead County,AR,670.6690770556698
600,Henderson County,NC,82.48432086315957
601,Henderson County,TN,109.25304861276881
602,Henderson County,TX,199.8996216032085
603,Hendricks County,IN,199.61341173346767
604,Hendry County,FL,113.82372724631547
605,Hennepin County,MN,79.95223453436947
606,Henrico County,VA,165.4619032046674
607,Henry County,GA,213.5134954387306
608,Hernando County,FL,134.93398999269587
609,Hickman County,TN,129.26278494520014
610,Hidalgo County,TX,119.48365665567245
611,Highland County,OH,306.32620209679385
612,Hill County,TX,327.19449657657293
613,Hillsborough County,FL,37.71621810186152
614,Hillsborough County,NH,69.91302741166274
615,Hillsdale County,MI,278.4650268723336
616,Hocking County,OH,126.55028751087806
617,Holmes County,OH,417.69198536923375
618,Honolulu County,HI,9.106987236732694
619,Hood County,TX,148.68799285170581
620,Hood River County,OR,30.870335425221192
621,Hopkins County,TX,280.5517638374811
622,Horry County,SC,236.08994839292782
623,Hot Spring County,AR,602.344278940823
624,Houston County,MN,312.3679956380416
625,Houston County,TN,155.1619806785085
626,Houston County,TX,194.470772889078
627,Howard County,AR,234.3808110757443
628,Howard County,MD,54.464243338025135
629,Hubbard County,MN,220.88020915360258
630,Hudson County,NJ,43.39806216228686
631,Humboldt County,NV,176.50951736148502
632,Humphreys County,TN,136.87233442653476
633,Hunt County,TX,222.59958271322054
634,Hunterdon County,NJ,47.335003120450786
635,Huron County,OH,308.26839117721505
636,Iberville Parish,LA,146.76932264671237
637,Idaho County,ID,62.60825566620306
638,Independence County,AR,256.46105497404454
639,Indian River County,FL,154.4143797505414
640,Indiana County,PA,397.47370372933176
641,Ingham County,MI,151.02249802945403
642,Ionia County,MI,387.36448109278666
643,Iowa County,WI,278.43111934204626
644,Iredell County,NC,152.13070758190648
645,Iron County,UT,76.19531733577304
646,Iron County,WI,68.738104529025
647,Iroquois County,IL,426.7022612043265
648,Irwin County,GA,122.14420205865484
649,Isanti County,MN,185.97950081658422
650,Island County,WA,23.78925347023598
651,Isle of Wight County,VA,109.84033164432783
652,Itasca County,MN,353.0078221824679
653,Izard County,AR,192.64692039117705
654,Jackson County,AL,127.57053029628864
655,Jackson County,AR,
656,Jackson County,CO,62.597790816299266
657,Jackson County,GA,252.75237045199273
658,Jackson County,IN,352.705477330008
659,Jackson County,MI,426.0851763152083
660,Jackson County,MO,234.9628001606302
661,Jackson County,NC,25.684822096745833
662,Jackson County,OH,316.10361838930396
663,Jackson County,OK,343.57704918025195
664,Jackson County,OR,88.71446950063675
665,Jackson County,TN,51.39115640470804
666,Jackson County,TX,353.73245042700177
667,Jackson County,WI,242.11207621515632
668,Jasper County,GA,281.62377264351875
669,Jasper County,IA,304.11815171460745
670,Jasper County,SC,326.3596831020472
671,Jasper County,TX,66.21387780609331
672,Jeff Davis County,GA,852.0123159532341
673,Jefferson County,AL,228.63010193912893
674,Jefferson County,AR,643.1112768404028
675,Jefferson County,CO,27.240691606700423
676,Jefferson County,FL,245.53914814986192
677,Jefferson County,KY,260.64581637030267
678,Jefferson County,MO,255.6753713881953
679,Jefferson County,OH,333.5991758629795
680,Jefferson County,OR,148.34775778244085
681,Jefferson County,TN,304.85718393697493
682,Jefferson County,TX,431.20543842787885
683,Jefferson County,WA,13.299544960144093
684,Jefferson County,WI,240.95285655371444
685,Jefferson County,WV,129.9480741872871
686,Jefferson Parish,LA,257.7371294370305
687,Jenkins County,GA,107.54147549710902
688,Jennings County,IN,313.55708989139305
689,Jerome County,ID,218.5693675082027
690,Jersey County,IL,502.35998266977373
691,Jessamine County,KY,225.45643102042268
692,Johnson County,AR,
693,Johnson County,GA,595.9165538623465
694,Johnson County,IN,197.98410428291484
695,Johnson County,KS,78.52154210962023
696,Johnson County,MO,240.1940010393886
697,Johnson County,NE,826.8267788471608
698,Johnson County,TN,49.99584846634261
699,Johnson County,TX,205.4114372081498
700,Johnston County,NC,45.74720960294395
701,Jones County,TX,99.99961663697984
702,Josephine County,OR,113.04139787810004
703,Juab County,UT,116.86457339529849
704,Juneau County,WI,422.8895132068128
705,Juniata County,PA,177.52686434944107
706,Kalamazoo County,MI,272.2505995165382
707,Kanabec County,MN,297.8455079417612
708,Kandiyohi County,MN,201.8254040456148
709,Kane County,IL,189.8908219729891
710,Kane County,UT,53.420432419847884
711,Kankakee County,IL,406.67541212489556
712,Karnes County,TX,550.5003367926897
713,Kauai County,HI,9.03455980064511
714,Kaufman County,TX,52.07116851369551
715,Kenai Peninsula Borough,AK,189.24699827740648
716,Kendall County,IL,53.56898801898808
717,Kendall County,TX,10.236134722189272
718,Kennebec County,ME,311.6534891976574
719,Kenosha County,WI,214.38618173608143
720,Kent County,DE,203.99050737095695
721,Kent County,MD,182.4648034141386
722,Kent County,MI,222.42876078698063
723,Kent County,RI,194.67654268356696
724,Kenton County,KY,258.42299960992693
725,Kern County,CA,36.199116870832654
726,Kerr County,TX,89.69705795994399
727,Kershaw County,SC,260.87165649993307
728,Kewaunee County,WI,363.1191216270524
729,Kimble County,TX,
730,King County,WA,13.62713977153528
731,King George County,VA,65.77674385665618
732,King William County,VA,224.04047142455693
733,Kingfisher County,OK,280.16247679968205
734,Kings County,NY,63.51577247352003
735,Kiowa County,OK,12.929101773258472
736,Kitsap County,WA,28.379434336642912
737,Kittitas County,WA,10.153666377796146
738,Klamath County,OR,222.2424103351104
739,Klickitat County,WA,81.23387843148225
740,Knox County,KY,186.10999894087468
741,Knox County,ME,110.52245258536594
742,Knox County,OH,195.717727468476
743,Knox County,TN,199.35104936066506
744,Koochiching County,MN,467.65905700368677
745,Kootenai County,ID,27.381240613202962
746,La Crosse County,WI,162.56672284256715
747,La Salle County,TX,353.5126812223742
748,LaSalle County,IL,526.1721158534983
749,Laclede County,MO,2789.8202897064443
750,Lafayette County,AR,
751,Lafayette County,MO,254.7900750969117
752,Lafayette County,WI,266.9773054589876
753,Lake County,CA,140.3557835873245
754,Lake County,CO,56.96550564328859
755,Lake County,FL,185.4429798304222
756,Lake County,IL,171.81003688215532
757,Lake County,MI,57.20249702930706
758,Lake County,MN,335.73758490263543
759,Lake County,OH,395.8603884598632
760,Lamar County,GA,375.65217787477076
761,Lamar County,TX,341.36250012937836
762,Lamoille County,VT,63.861963121977375
763,Lampasas County,TX,145.76797491973846
764,Lancaster County,NE,77.65685176216918
765,Lancaster County,PA,267.2606419652973
766,Lancaster County,SC,44.690267233418815
767,Lancaster County,VA,280.09674551893875
768,Lane County,OR,59.12828338249954
769,Langlade County,WI,317.7852331726283
770,Lanier County,GA,807.7081134777194
771,Lapeer County,MI,275.285073245386
772,Larimer County,CO,5.169057897487767
773,Latah County,ID,21.801177470695098
774,Latimer County,OK,462.5395009787885
775,Lauderdale County,TN,295.6289846476802
776,Laurel County,KY,466.9956652106313
777,Laurens County,GA,683.9377691549079
778,Laurens County,SC,140.67234903031206
779,Lavaca County,TX,203.32477085448832
780,Lawrence County,AL,178.8383542053044
781,Lawrence County,AR,39.45098908456541
782,Lawrence County,PA,465.5858567831309
783,Lawrence County,TN,272.2271170430996
784,Le Sueur County,MN,253.54433408917893
785,Leavenworth County,KS,212.66525336125358
786,Lebanon County,PA,221.98405626850698
787,Lee County,FL,179.29711973288494
788,Lee County,GA,340.79591025453465
789,Lee County,IL,576.3035394679429
790,Lee County,NC,367.1403549984852
791,Lee County,TX,284.1072377695644
792,Lehigh County,PA,271.7400339711659
793,Lenawee County,MI,232.48547189717507
794,Leon County,FL,64.77279707590952
795,Leon County,TX,48.16778265461599
796,Levy County,FL,202.4638743642301
797,Lewis County,ID,412.6025811654749
798,Lewis County,TN,80.35752509446453
799,Lewis County,WA,115.34132428614748
800,Lexington County,SC,285.62221493391024
801,Liberty County,FL,38.898762113918536
802,Liberty County,GA,268.52653362181866
803,Liberty County,TX,288.68656080972977
804,Licking County,OH,255.83545031863497
805,Limestone County,AL,199.82848850542302
806,Limestone County,TX,89.01449827917702
807,Lincoln County,CO,46.600602254520666
808,Lincoln County,GA,60.85170043974437
809,Lincoln County,ID,59.83385207333983
810,Lincoln County,KY,288.5954356872189
811,Lincoln County,ME,87.57694809593863
812,Lincoln County,MO,263.1978870223603
813,Lincoln County,NC,223.69479586912524
814,Lincoln County,NV,414.5556074389017
815,Lincoln County,OK,425.43361093678
816,Lincoln County,TN,280.76030591900155
817,Lincoln County,WA,136.95910644924973
818,Lincoln County,WI,491.5092314024914
819,Linn County,KS,236.90151895739615
820,Linn County,OR,119.15936947627993
821,Litchfield County,CT,213.85885386133435
822,Little River County,AR,
823,Live Oak County,TX,268.1858930893872
824,Livingston County,IL,437.9311553993215
825,Livingston County,MI,129.6067549666806
826,Livingston County,NY,457.243508802595
827,Livingston Parish,LA,308.9992038231011
828,Llano County,TX,40.118563851093576
829,Logan County,AR,
830,Logan County,CO,209.8184616480389
831,Logan County,OK,165.43401608827946
832,Long County,GA,276.85656665165175
833,Lonoke County,AR,334.60363430990185
834,Lorain County,OH,364.7216506327266
835,Los Alamos County,NM,84.927791352594
836,Los Angeles County,CA,48.549804639400065
837,Loudon County,TN,140.4935950651505
838,Loudoun County,VA,16.251968807518487
839,Louisa County,VA,231.45286675338295
840,Lowndes County,GA,181.4272403376523
841,Lumpkin County,GA,178.72139486314944
842,Lyon County,MN,393.16251049073594
843,Lyon County,NV,112.62797247611992
844,Macomb County,MI,327.7510913988515
845,Macon County,GA,326.9526783694135
846,Macon County,NC,110.48886440485074
847,Macon County,TN,122.39304725796532
848,Macoupin County,IL,412.98454441721793
849,Madera County,CA,6.736933469577959
850,Madison County,AL,49.399022610391256
851,Madison County,AR,
852,Madison County,FL,376.95606728444466
853,Madison County,GA,296.4160712407281
854,Madison County,IA,329.91170657137775
855,Madison County,IL,461.2829732205075
856,Madison County,IN,308.0803436926911
857,Madison County,KY,85.12441301895312
858,Madison County,MO,730.4247498914809
859,Madison County,NC,219.01795474999818
860,Madison County,NY,387.1796903570269
861,Madison County,OH,181.32828837684553
862,Madison County,TX,43.127505869885404
863,Madison County,VA,148.3719624460353
864,Mahoning County,OH,343.3910416473586
865,Malheur County,OR,154.9784665739088
866,Manatee County,FL,137.05233318754983
867,Manitowoc County,WI,308.40360098663274
868,Marathon County,WI,359.32127609525315
869,Maricopa County,AZ,10.695085115182074
870,Maries County,MO,374.92711848284495
871,Marin County,CA,60.799795733527226
872,Marinette County,WI,329.2448489768952
873,Marion County,AR,
874,Marion County,FL,169.4104732340727
875,Marion County,GA,468.9462638704561
876,Marion County,IA,344.36992386160625
877,Marion County,IN,319.3335516762353
878,Marion County,MO,268.32275156218554
879,Marion County,OH,312.240554920857
880,Marion County,OR,111.18632036747927
881,Marion County,TN,69.69167709853318
882,Marion County,TX,141.4289345392712
883,Mariposa County,CA,70.57016027578625
884,Marquette County,WI,230.33380542425172
885,Marshall County,AL,447.502755353161
886,Marshall County,IL,47.44942468071104
887,Marshall County,OK,303.8065316633073
888,Marshall County,TN,277.85585610559576
889,Martin County,FL,103.30778078298866
890,Martin County,MN,533.8734270034773
891,Mason County,MI,327.50312356220115
892,Mason County,TX,93.40114381134515
893,Mason County,WA,109.94054843664982
894,Matagorda County,TX,253.51607968780797
895,Maui County,HI,7.271974473711749
896,Maury County,TN,160.26755448450587
897,Maverick County,TX,352.7018446774778
898,Mayes County,OK,423.69290374474974
899,McClain County,OK,223.10468178857033
900,McCormick County,SC,12.01966476834392
901,McCulloch County,TX,224.84614486251104
902,McCurtain County,OK,199.96685208144424
903,McDowell County,NC,324.4276167684072
904,McHenry County,IL,179.13354637049693
905,McIntosh County,GA,158.51932187902733
906,McIntosh County,OK,80.65740258744864
907,McLean County,IL,367.52638887813316
908,McLennan County,TX,123.87741693515333
909,McLeod County,MN,301.49708099351426
910,McMinn County,TN,297.71707746999
911,McMullen County,TX,
912,McNairy County,TN,135.31780628578912
913,Mecklenburg County,NC,29.25299462991612
914,Mecosta County,MI,368.10139572171954
915,Medina County,OH,205.70692935266933
916,Medina County,TX,155.85298551465894
917,Meeker County,MN,329.12507593701514
918,Meigs County,TN,58.29392341645145
919,Menominee County,WI,251.7273859595223
920,Merced County,CA,44.6171525964965
921,Mercer County,KY,322.15783814615764
922,Mercer County,NJ,160.45877064355346
923,Meriwether County,GA,277.5314010008043
924,Merrimack County,NH,126.92517322305996
925,Miami County,KS,202.6169858336359
926,Miami County,OH,188.18706105751232
927,Miami-Dade County,FL,112.94507123350506
928,Middlesex County,CT,135.28111324686878
929,Middlesex County,MA,38.49501621471351
930,Middlesex County,NJ,109.96285330686354
931,Middlesex County,VA,110.23221302542363
932,Midland County,MI,464.98922483932984
933,Milam County,TX,304.6837278606162
934,Millard County,UT,218.2740582286189
935,Mille Lacs County,MN,288.2634840118359
936,Miller County,AR,268.9314715058385
937,Mills County,IA,318.62431890840844
938,Milwaukee County,WI,296.8328606075867
939,Mineral County,WV,282.5274590280735
940,Minidoka County,ID,102.35105042669677
941,Mississippi County,AR,81.75848946466819
942,Mitchell County,NC,179.79771517811415
943,Monmouth County,NJ,30.735687596032733
944,Monroe County,GA,221.98368375519775
945,Monroe County,IA,118.3411653879246
946,Monroe County,IL,193.43056075955954
947,Monroe County,MI,320.98937073571534
948,Monroe County,MO,339.1600536332203
949,Monroe County,NY,236.32986622576576
950,Monroe County,OH,240.59652364087194
951,Monroe County,TN,248.71158231401557
952,Monroe County,WI,353.7504920919222
953,Montague County,TX,251.0304931722138
954,Montcalm County,MI,242.43455090267037
955,Monterey County,CA,49.19598303202307
956,Montgomery County,AR,78.04673603142975
957,Montgomery County,GA,470.72524831825905
958,Montgomery County,IA,225.59779721364438
959,Montgomery County,IL,494.5166374956997
960,Montgomery County,IN,282.59225876603864
961,Montgomery County,KY,481.6364358792828
962,Montgomery County,MD,40.4723413640897
963,Montgomery County,MO,227.7725569199556
964,Montgomery County,NC,138.76416263172348
965,Montgomery County,NY,528.791187748
966,Montgomery County,OH,358.44143172018886
967,Montgomery County,PA,85.68067859245319
968,Montgomery County,TN,65.44146397889203
969,Montgomery County,TX,32.71609014827487
970,Moore County,TN,43.58198267738815
971,Morgan County,AL,311.9980156879943
972,Morgan County,CO,133.5590578342858
973,Morgan County,GA,163.08626857087265
974,Morgan County,IN,180.35203133489622
975,Morgan County,OH,451.52948520269234
976,Morgan County,TN,202.74964247009632
977,Morgan County,UT,24.16623193796156
978,Morgan County,WV,108.32345710984623
979,Morris County,NJ,33.90470433576378
980,Morris County,TX,158.27859801716946
981,Morrison County,MN,345.96995718110156
982,Morrow County,OH,174.4415044882295
983,Morrow County,OR,126.31138463846897
984,Mower County,MN,415.2795179134255
985,Multnomah County,OR,17.312663284177013
986,Murray County,GA,147.85950570976794
987,Murray County,MN,433.0750392432678
988,Murray County,OK,568.4790940751583
989,Muskegon County,MI,429.45357413219904
990,Muskogee County,OK,550.1322468995255
991,Nacogdoches County,TX,146.8452358053802
992,Nantucket County,MA,76.4928450910409
993,Napa County,CA,50.8486555662159
994,Nassau County,FL,136.24677664158492
995,Nassau County,NY,6.7792189373673
996,Navajo County,AZ,26.562141786401252
997,Navarro County,TX,219.96583919829746
998,Nemaha County,NE,644.0899064696646
999,Nevada County,AR,
1000,Nevada County,CA,8.706247607908995
1001,New Castle County,DE,172.0620304058281
1002,New Haven County,CT,215.20121005822833
1003,New Kent County,VA,123.52368237272047
1004,New London County,CT,230.73774087603866
1005,New York County,NY,76.49613685908722
1006,Newaygo County,MI,238.38186597764474
1007,Newport County,RI,14.807713824104415
1008,Newton County,GA,256.7169037827546
1009,Newton County,TX,
1010,Nez Perce County,ID,130.30515192154644
1011,Niagara County,NY,377.2148845962136
1012,Nicollet County,MN,172.98291765953704
1013,Noble County,OH,205.70232961073603
1014,Nobles County,MN,327.7123094515142
1015,Norfolk County,MA,11.280290374482774
1016,Norman County,MN,972.2685337412883
1017,Northampton County,PA,241.978749974094
1018,Northampton County,VA,191.23789911239953
1019,Nottoway County,VA,205.5739163032969
1020,Nuckolls County,NE,328.5235839677432
1021,Nueces County,TX,321.93927517516835
1022,Nye County,NV,199.63698672114822
1023,Oakland County,MI,128.54422704311693
1024,Obion County,TN,37.91520290069752
1025,Ocean County,NJ,77.85676780725282
1026,Oceana County,MI,379.7175790165322
1027,Oconee County,GA,66.04744592334882
1028,Oconee County,SC,163.6329047556156
1029,Oconto County,WI,270.2852237390888
1030,Ogle County,IL,413.8903402306942
1031,Okaloosa County,FL,101.60233390676632
1032,Okanogan County,WA,159.8891313429852
1033,Okeechobee County,FL,434.6626628016597
1034,Oklahoma County,OK,269.90418459007964
1035,Okmulgee County,OK,538.5582296887954
1036,Oldham County,KY,12.342605076386565
1037,Olmsted County,MN,51.228250316926164
1038,Oneida County,WI,227.69517403881335
1039,Onondaga County,NY,314.38579272432395
1040,Ontario County,NY,257.8399348228227
1041,Orange County,CA,52.63770740924094
1042,Orange County,FL,23.16349140089521
1043,Orange County,IN,287.94064289692096
1044,Orange County,NC,22.759480525512487
1045,Orange County,NY,146.66880446640752
1046,Orange County,TX,336.55952257748663
1047,Orange County,VA,150.28594322219277
1048,Orange County,VT,243.4834818072669
1049,Orangeburg County,SC,245.77119834074574
1050,Orleans County,NY,377.564843790581
1051,Orleans County,VT,205.9354592382035
1052,Orleans Parish,LA,12.297026908760929
1053,Osage County,OK,313.57753267525453
1054,Osceola County,FL,67.52182448343564
1055,Osceola County,MI,575.5336169872818
1056,Oswego County,NY,365.3124249802737
1057,Otoe County,NE,463.3233493578677
1058,Ottawa County,MI,182.14526907386488
1059,Otter Tail County,MN,226.94539646208128
1060,Ouachita County,AR,
1061,Outagamie County,WI,250.17549576324066
1062,Overton County,TN,122.76384761043933
1063,Owen County,KY,210.0963205521405
1064,Owyhee County,ID,194.5106128577141
1065,Oxford County,ME,174.8541011687296
1066,Ozaukee County,WI,68.07348362200798
1067,Pacific County,WA,216.2018832985596
1068,Page County,VA,93.87276767277788
1069,Palm Beach County,FL,132.8580937413646
1070,Palo Pinto County,TX,248.75769103413438
1071,Panola County,TX,1198.5624302478766
1072,Park County,CO,50.43648860220939
1073,Parker County,TX,12.745139760308092
1074,Pasco County,FL,151.4455139669825
1075,Passaic County,NJ,122.97166384200848
1076,Paulding County,GA,197.0821512454974
1077,Pawnee County,NE,816.4375592857568
1078,Pawnee County,OK,215.3638833015718
1079,Payette County,ID,166.16184799271528
1080,Pend Oreille County,WA,128.83702960147866
1081,Pendleton County,KY,180.81784159750066
1082,Pennington County,MN,304.5150858953803
1083,Penobscot County,ME,376.8965705666675
1084,Pepin County,WI,340.1135772178899
1085,Perry County,MO,166.33062529950328
1086,Perry County,OH,260.08729861757286
1087,Perry County,PA,231.29863521002198
1088,Perry County,TN,113.41426040547353
1089,Pershing County,NV,320.4809794894047
1090,Person County,NC,245.1167026295192
1091,Phelps County,MO,323.9620975376522
1092,Philadelphia County,PA,190.14981545838384
1093,Phillips County,AR,3044.214641616993
1094,Phillips County,CO,120.84631952633818
1095,Piatt County,IL,464.13464116101255
1096,Pickaway County,OH,173.96422454905684
1097,Pickens County,GA,193.40432294787132
1098,Pickens County,SC,226.8293231916968
1099,Pickett County,TN,99.99866340528648
1100,Pierce County,GA,364.48473673414577
1101,Pierce County,WA,55.784262465915
1102,Pierce County,WI,170.32126374984745
1103,Pike County,AR,74.95845551948203
1104,Pike County,GA,223.8283796618109
1105,Pima County,AZ,44.07642549173669
1106,Pinal County,AZ,41.17212340224262
1107,Pine County,MN,321.17624606805055
1108,Pinellas County,FL,100.39494538767379
1109,Piscataquis County,ME,293.0291759522592
1110,Pittsburg County,OK,463.9530123007114
1111,Placer County,CA,32.61907657592579
1112,Plaquemines Parish,LA,60.53336849736726
1113,Platte County,MO,141.13685843943475
1114,Plymouth County,MA,52.54522996465299
1115,Poinsett County,AR,617.9125928579509
1116,Pointe Coupee Parish,LA,300.20586829394506
1117,Polk County,AR,651.346186069394
1118,Polk County,FL,229.09123801865388
1119,Polk County,GA,466.4380183214356
1120,Polk County,IA,233.71595311386628
1121,Polk County,MN,407.8943932467852
1122,Polk County,NC,117.29085528476963
1123,Polk County,NE,621.8013925388461
1124,Polk County,OR,7.615405130780816
1125,Polk County,TN,192.4676134408116
1126,Polk County,TX,187.11748073399932
1127,Polk County,WI,275.7414157962983
1128,Pontotoc County,OK,399.64405214241776
1129,Pope County,AR,249.0979991667903
1130,Pope County,MN,251.62394308507442
1131,Portage County,OH,328.8286240906318
1132,Portage County,WI,268.33373248041966
1133,Pottawatomie County,OK,413.1338761467041
1134,Pottawattamie County,IA,372.4552594410296
1135,Powell County,KY,253.79643385350738
1136,Powhatan County,VA,108.83481095517597
1137,Prairie County,AR,
1138,Preble County,OH,285.6307870891367
1139,Price County,WI,301.24118167723236
1140,Prince George County,VA,189.87398636956488
1141,Prince George's County,MD,117.59807713947896
1142,Prince William County,VA,5.1610856699346765
1143,Providence County,RI,159.87845575815203
1144,Pulaski County,AR,207.4058869376438
1145,Pulaski County,GA,270.25193718261806
1146,Pulaski County,MO,137.86794321941622
1147,Putnam County,FL,187.06039020595983
1148,Putnam County,GA,80.48431142403192
1149,Putnam County,IL,94.57097509434752
1150,Putnam County,IN,230.17732535233438
1151,Putnam County,NY,101.50967628202865
1152,Putnam County,TN,267.9950247136227
1153,Queen Anne's County,MD,72.60394334136679
1154,Queens County,NY,32.041622749191625
1155,Quitman County,GA,60.45337996468766
1156,Rabun County,GA,196.2247724563302
1157,Racine County,WI,316.29602313004165
1158,Rains County,TX,249.48228005561486
1159,Ralls County,MO,225.2656825064299
1160,Ramsey County,MN,105.69088123183893
1161,Randolph County,AL,64.72921322425213
1162,Randolph County,AR,883.2986767486019
1163,Randolph County,IL,568.8618343029657
1164,Randolph County,NC,408.12698706629027
1165,Rappahannock County,VA,78.79872876678999
1166,Ray County,MO,237.6862357011355
1167,Real County,TX,57.576780318476
1168,Red Lake County,MN,336.0311182692485
1169,Red River County,TX,272.308667978792
1170,Redwood County,MN,627.340025574552
1171,Rensselaer County,NY,260.35656602370966
1172,Renville County,MN,463.0026296262418
1173,Rhea County,TN,241.82622252669088
1174,Rice County,MN,220.4235420084804
1175,Rich County,UT,40.02363612445227
1176,Richland County,SC,98.9445624642121
1177,Richland County,WI,329.32405288689966
1178,Richmond County,NC,168.45457770515472
1179,Richmond County,NY,45.0743311906417
1180,Rio Arriba County,NM,144.71425271181374
1181,Rio Blanco County,CO,75.38634357456844
1182,Ripley County,IN,197.48814305008648
1183,Riverside County,CA,16.144988266623038
1184,Roane County,TN,226.8240593897246
1185,Robertson County,TN,170.97254595065684
1186,Robertson County,TX,312.8928624527204
1187,Rock County,WI,344.1011711593796
1188,Rockdale County,GA,198.89352974299197
1189,Rockingham County,NC,228.75222634685784
1190,Rockingham County,NH,48.182136993674305
1191,Rockland County,NY,61.12780548795944
1192,Rockwall County,TX,61.58390992896567
1193,Rogers County,OK,214.61288945723376
1194,Roseau County,MN,444.22818131076014
1195,Ross County,OH,238.64908056278458
1196,Routt County,CO,15.495502589969968
1197,Rowan County,KY,372.03824993665086
1198,Rowan County,NC,241.89991144480922
1199,Runnels County,TX,62.103693535766276
1200,Rush County,IN,360.3264454369264
1201,Rusk County,TX,239.05586832990642
1202,Rusk County,WI,166.66849366908977
1203,Rutherford County,NC,119.8322195931137
1204,Rutherford County,TN,35.41222342829273
1205,Rutland County,VT,170.96494521035294
1206,Sabine County,TX,158.7510195116423
1207,Sacramento County,CA,11.50749370599524
1208,Sagadahoc County,ME,184.11752429605613
1209,Saginaw County,MI,563.0960514283805
1210,Saguache County,CO,232.18595942936585
1211,Salem County,NJ,262.319722446919
1212,Saline County,AR,245.41603235138328
1213,Saline County,NE,280.8662959846076
1214,Salt Lake County,UT,6.703458659243112
1215,Saluda County,SC,260.7767133878757
1216,San Augustine County,TX,85.02276067558508
1217,San Benito County,CA,16.936565426641067
1218,San Bernardino County,CA,9.153032510430018
1219,San Diego County,CA,42.5060549894632
1220,San Francisco County,CA,54.68330140261184
1221,San Jacinto County,TX,216.07440706316513
1222,San Joaquin County,CA,12.208958938360318
1223,San Juan County,UT,47.3140211859164
1224,San Juan County,WA,19.696492478594752
1225,San Luis Obispo County,CA,43.22719871949656
1226,San Mateo County,CA,64.7557126868831
1227,San Miguel County,NM,293.1677735496348
1228,San Saba County,TX,248.42382978517637
1229,Sandoval County,NM,189.65835788112759
1230,Sanilac County,MI,266.6517543224605
1231,Sanpete County,UT,154.68777269245416
1232,Santa Barbara County,CA,50.06137135742111
1233,Santa Clara County,CA,69.86878319475842
1234,Santa Cruz County,AZ,119.94306324114271
1235,Santa Cruz County,CA,59.42644529666364
1236,Santa Fe County,NM,66.75533984670305
1237,Santa Rosa County,FL,44.23975106196915
1238,Sarasota County,FL,59.540862240977724
1239,Saratoga County,NY,83.36099350553943
1240,Sarpy County,NE,48.98274324083312
1241,Sauk County,WI,266.0448819462405
1242,Saunders County,NE,217.0676172647153
1243,Sawyer County,WI,222.24757469523368
1244,Schenectady County,NY,345.852016799335
1245,Schleicher County,TX,94.73516691165516
1246,Schoharie County,NY,424.52156349445335
1247,Schuylkill County,PA,366.7081272151088
1248,Scott County,AR,419.94214247195015
1249,Scott County,IN,176.6437499754417
1250,Scott County,KY,209.157481607561
1251,Scott County,MN,14.426014258289008
1252,Scott County,MO,467.18571259612946
1253,Screven County,GA,123.23772892356817
1254,Sebastian County,AR,540.7087444465114
1255,Sedgwick County,CO,92.3723688187717
1256,Seminole County,FL,149.7876472219741
1257,Sequatchie County,TN,346.77849034713427
1258,Sequoyah County,OK,648.0468048538659
1259,Sevier County,AR,330.4207175204985
1260,Sevier County,TN,174.16072620853342
1261,Sevier County,UT,216.19857434185698
1262,Seward County,NE,269.2110486949937
1263,Sharp County,AR,180.10631162717598
1264,Shawano County,WI,266.28072866531375
1265,Sheboygan County,WI,213.58727157836387
1266,Shelby County,AL,43.92328198230689
1267,Shelby County,IN,249.49490692390867
1268,Shelby County,KY,178.26603375354082
1269,Shelby County,TN,249.2098147167629
1270,Shelby County,TX,1111.8820802201592
1271,Shenandoah County,VA,307.45828880636816
1272,Sherburne County,MN,131.0525230649796
1273,Shiawassee County,MI,490.91894799041825
1274,Shoshone County,ID,124.23954201963777
1275,Sibley County,MN,373.53147612915603
1276,Skagit County,WA,55.85570405355938
1277,Skamania County,WA,65.69032241154552
1278,Smith County,TN,113.85293910935899
1279,Smith County,TX,39.635742822534795
1280,Snohomish County,WA,26.88799477376744
1281,Socorro County,NM,495.1021710158835
1282,Solano County,CA,53.854488585445814
1283,Somerset County,MD,196.93377062083053
1284,Somerset County,ME,302.0779333038646
1285,Somerset County,NJ,47.876038134524755
1286,Somervell County,TX,145.46506605364954
1287,Sonoma County,CA,12.248336240373101
1288,Southampton County,VA,105.5609390248228
1289,Spalding County,GA,479.3658653685581
1290,Spartanburg County,SC,254.13560749892062
1291,Spencer County,KY,193.8415853560768
1292,Spokane County,WA,33.476355699253155
1293,Spotsylvania County,VA,130.5105041169245
1294,St. Bernard Parish,LA,128.95488450713867
1295,St. Charles County,MO,186.04090217509489
1296,St. Charles Parish,LA,205.78534167229526
1297,St. Clair County,AL,336.1719995391196
1298,St. Clair County,IL,323.960874988777
1299,St. Clair County,MI,361.82073848437744
1300,St. Croix County,WI,86.94394789491395
1301,St. Francis County,AR,99.99549224048113
1302,St. Francois County,MO,487.7984395058737
1303,St. John the Baptist Parish,LA,375.0486107033024
1304,St. Johns County,FL,7.222277219890057
1305,St. Joseph County,MI,440.1488243882393
1306,St. Louis County,MN,305.854915834091
1307,St. Louis County,MO,160.2775716028838
1308,St. Lucie County,FL,197.26008345286152
1309,St. Mary's County,MD,135.62123927202586
1310,St. Tammany Parish,LA,208.88099133738092
1311,Stafford County,VA,5.729880550227007
1312,Stanislaus County,CA,102.41377446884944
1313,Stanly County,NC,287.6531158775644
1314,Stark County,OH,259.77264272464686
1315,Starr County,TX,403.6940993845307
1316,Ste. Genevieve County,MO,175.4329165022877
1317,Stearns County,MN,309.33390482428393
1318,Steele County,MN,306.5646760966439
1319,Stephens County,GA,195.47470109802828
1320,Stephenson County,IL,781.5916030493391
1321,Stevens County,WA,148.23469732054042
1322,Stewart County,GA,
1323,Stewart County,TN,76.6877657152984
1324,Stokes County,NC,300.94098448032696
1325,Stone County,AR,289.7624036065427
1326,Storey County,NV,22.047077147016132
1327,Story County,IA,88.33301351141289
1328,Strafford County,NH,137.0062909161044
1329,Suffolk County,MA,43.668120274924696
1330,Suffolk County,NY,49.46196990544031
1331,Sullivan County,NH,150.15844755052012
1332,Sullivan County,NY,298.1206173379326
1333,Sullivan County,TN,198.89384553431285
1334,Summit County,CO,29.47549760345944
1335,Summit County,OH,418.14630448656465
1336,Summit County,UT,34.88859033708615
1337,Sumner County,TN,134.51222042321055
1338,Sumter County,FL,49.12467337637179
1339,Sumter County,GA,768.098424590887
1340,Surry County,NC,137.25355432704905
1341,Sussex County,DE,128.21589993661038
1342,Sussex County,NJ,198.24916232373863
1343,Sutter County,CA,86.80530029345427
1344,Swain County,NC,298.5917154727257
1345,Talbot County,GA,150.51108663248525
1346,Talbot County,MD,48.460702948468516
1347,Taliaferro County,GA,99.67353634537474
1348,Talladega County,AL,493.92558656689647
1349,Tangipahoa Parish,LA,314.4398370920916
1350,Tarrant County,TX,41.66416143415219
1351,Tattnall County,GA,207.9146933274067
1352,Taylor County,FL,60.109988057902946
1353,Taylor County,GA,495.29880442007567
1354,Taylor County,TX,284.1394999556162
1355,Telfair County,GA,99.99608791496624
1356,Teller County,CO,83.34071496339598
1357,Texas County,MO,200.87759814511492
1358,Texas County,OK,19.846448078751724
1359,Thayer County,NE,882.1116066361761
1360,Thomas County,GA,241.51872242001218
1361,Thurston County,WA,6.4533341297788205
1362,Tift County,GA,282.41200000498173
1363,Tillamook County,OR,133.81555947492657
1364,Tillman County,OK,303.7040575956925
1365,Tipton County,IN,182.80583670361634
1366,Tipton County,TN,312.3773796338739
1367,Titus County,TX,158.33867148306936
1368,Todd County,MN,400.3531535904058
1369,Tolland County,CT,49.09875485264953
1370,Tooele County,UT,20.029665251686268
1371,Toombs County,GA,631.3510550221553
1372,Torrance County,NM,369.74730113425454
1373,Towns County,GA,27.460304239099447
1374,Transylvania County,NC,81.56072569248438
1375,Travis County,TX,8.890030106322747
1376,Trempealeau County,WI,342.84195183055283
1377,Treutlen County,GA,194.5509727301274
1378,Troup County,GA,281.0063299914029
1379,Trousdale County,TN,63.361098970426774
1380,Trumbull County,OH,417.19778901789635
1381,Tulsa County,OK,265.16041387238744
1382,Turner County,GA,
1383,Tuscarawas County,OH,458.88244668407305
1384,Tuscola County,MI,309.5110224854443
1385,Twiggs County,GA,99.93186920824436
1386,Twin Falls County,ID,167.41099902435752
1387,Tyler County,TX,233.01326237171074
1388,Uintah County,UT,182.25098023464827
1389,Ulster County,NY,190.8318940559155
1390,Umatilla County,OR,217.27939954583218
1391,Unicoi County,TN,1359.0579731511873
1392,Union County,AR,
1393,Union County,FL,154.46100265944267
1394,Union County,GA,222.32143777136974
1395,Union County,IN,283.876107957567
1396,Union County,NC,11.027452550060177
1397,Union County,NJ,58.80192434986418
1398,Union County,OH,147.1931559876438
1399,Union County,OR,211.74662164718458
1400,Union County,TN,114.37448819256936
1401,Upshur County,TX,204.16398080003134
1402,Upson County,GA,280.1174727554023
1403,Utah County,UT,39.47199421864344
1404,Uvalde County,TX,152.66736607830452
1405,Valencia County,NM,218.54313636724677
1406,Valley County,ID,8.262062604258439
1407,Van Buren County,AR,254.76809789779492
1408,Van Buren County,MI,288.2568792442595
1409,Van Buren County,TN,99.7795114470853
1410,Van Zandt County,TX,337.8692980403773
1411,Vance County,NC,241.01820205787354
1412,Ventura County,CA,44.683473142913385
1413,Vernon County,MO,414.5531941662148
1414,Vernon County,WI,205.7248698331704
1415,Victoria County,TX,239.80104091788905
1416,Vilas County,WI,134.03674728145975
1417,Volusia County,FL,201.24296291720822
1418,Wabasha County,MN,283.490032823189
1419,Wadena County,MN,504.20385260284377
1420,Wagoner County,OK,235.85539585731334
1421,Wahkiakum County,WA,37.48432170047756
1422,Wake County,NC,16.21410295835294
1423,Wakulla County,FL,228.77340513727998
1424,Waldo County,ME,253.81255679421778
1425,Walker County,GA,514.7693001650578
1426,Walker County,TX,42.62051819823913
1427,Walla Walla County,WA,16.12414645146585
1428,Waller County,TX,53.66818323801
1429,Wallowa County,OR,31.443854864824647
1430,Walton County,FL,15.01020455218388
1431,Walton County,GA,183.27801776219178
1432,Walworth County,WI,157.312650858237
1433,Warren County,IA,216.26021102748302
1434,Warren County,MO,242.75868131520787
1435,Warren County,NJ,214.4971042007764
1436,Warren County,NY,251.32990883920021
1437,Warren County,OH,164.25260053231463
1438,Warren County,TN,186.51157060087826
1439,Warren County,VA,169.86223899434623
1440,Wasatch County,UT,26.13960568048255
1441,Wasco County,OR,133.0437629422539
1442,Waseca County,MN,394.8110595024602
1443,Washburn County,WI,173.4349508548719
1444,Washington County,CO,256.1360393337786
1445,Washington County,GA,328.929065084943
1446,Washington County,ID,236.85601246629784
1447,Washington County,MD,146.63024576048412
1448,Washington County,ME,273.08480569510044
1449,Washington County,MN,101.47903336370031
1450,Washington County,MO,436.9774625196839
1451,Washington County,NE,213.4772279253168
1452,Washington County,NY,230.79082474764604
1453,Washington County,OH,236.91927791486455
1454,Washington County,OK,512.8597969933006
1455,Washington County,OR,12.504332443626774
1456,Washington County,PA,172.24031422725943
1457,Washington County,RI,36.27702158109802
1458,Washington County,TN,243.84170336345642
1459,Washington County,TX,152.89999078576017
1460,Washington County,UT,19.15660713547701
1461,Washington County,VT,136.64387728810783
1462,Washington County,WI,162.73844628006165
1463,Washington Parish,LA,214.6879908368284
1464,Washita County,OK,575.3715722078781
1465,Washoe County,NV,10.838414532811981
1466,Washtenaw County,MI,32.86326195410673
1467,Waukesha County,WI,67.20556619918732
1468,Waupaca County,WI,260.7809388095496
1469,Waushara County,WI,221.2653551853054
1470,Wayne County,GA,351.88611712480116
1471,Wayne County,MI,391.507742234703
1472,Wayne County,MO,299.3618419270139
1473,Wayne County,NY,453.88427716764653
1474,Wayne County,OH,245.14172603917595
1475,Wayne County,UT,87.56707023005954
1476,Weakley County,TN,458.0917469292117
1477,Webb County,TX,276.00210223352815
1478,Weber County,UT,139.41114464738976
1479,Webster County,GA,224.0619528658464
1480,Webster Parish,LA,371.7452218098336
1481,Weld County,CO,3.9473368656946852
1482,West Baton Rouge Parish,LA,289.1728023176522
1483,West Feliciana Parish,LA,99.80520375157298
1484,Westchester County,NY,26.322571654652926
1485,Westmoreland County,PA,243.44060526788485
1486,Westmoreland County,VA,282.50432663532933
1487,Wharton County,TX,220.58507199848341
1488,Whatcom County,WA,17.12682142741883
1489,Wheeler County,GA,99.98950091347334
1490,Wheeler County,OR,51.25426764716423
1491,White County,AR,516.3802715833468
1492,White County,GA,188.12776077987832
1493,White County,TN,226.87453048755108
1494,White Pine County,NV,441.8606448343338
1495,Whiteside County,IL,763.6582846821027
1496,Whitfield County,GA,423.47204926370216
1497,Whitley County,KY,142.92732142496553
1498,Wichita County,TX,383.5876336397469
1499,Wicomico County,MD,247.28724793042994
1500,Wilbarger County,TX,
1501,Wilcox County,GA,99.99605681796488
1502,Wilkes County,GA,302.59207337757664
1503,Wilkes County,NC,142.39062206434656
1504,Wilkinson County,GA,318.85937570645797
1505,Will County,IL,197.53918814731531
1506,Williamson County,TN,16.70840652006743
1507,Williamson County,TX,23.87637041444921
1508,Wilson County,TN,6.753658473584914
1509,Wilson County,TX,116.31891328983995
1510,Windham County,CT,255.71889380447874
1511,Windham County,VT,223.50376090384626
1512,Windsor County,VT,180.97345238950084
1513,Winnebago County,IL,523.9556344290215
1514,Winnebago County,WI,367.22088015066464
1515,Winona County,MN,229.5906206929551
1516,Wise County,TX,151.22606848140254
1517,Wood County,TX,249.5892861671212
1518,Wood County,WI,305.72242497221015
1519,Woodford County,KY,127.07706021304391
1520,Woods County,OK,891.7301978949902
1521,Woodward County,OK,115.67030420910216
1522,Worcester County,MA,125.4507218684366
1523,Worcester County,MD,177.52219309629098
1524,Worth County,GA,129.01105862096222
1525,Wright County,MN,121.20122272334649
1526,Wyandotte County,KS,364.2174731168283
1527,Wyoming County,NY,350.68880232635587
1528,Yadkin County,NC,484.68331827818855
1529,Yamhill County,OR,5.671089624653169
1530,Yancey County,NC,239.30311887092364
1531,Yavapai County,AZ,73.1599746740519
1532,Yell County,AR,
1533,Yolo County,CA,23.699921624398105
1534,York County,ME,125.07254979258059
1535,York County,NE,318.1367700513716
1536,York County,PA,181.52337529305888
1537,York County,SC,27.678675589004833
1538,York County,VA,79.47904960837157
1539,Young County,TX,459.1776492735228
1540,Yuba County,CA,39.41045122140024
1541,Yuma County,CO,213.10914047304237
1542,Zavala County,TX,684.5243511061569
